i,j,parameter
2,27,1.0
2,106,1.0
24,27,1.0
26,2,-0.2
26,24,-0.3
26,28,-0.3
27,29,-0.4
27,98,1.0
28,26,-0.3
28,31,-1.6
28,32,-0.1
29,27,-0.4
29,30,-0.3
29,32,-1.4
29,34,1.0
29,53,1.0
29,54,-0.1
29,77,1.0
30,29,-0.3
30,31,-0.3
30,53,-0.2
30,54,-0.1
31,28,-1.6
31,30,-0.3
31,33,-0.3
32,28,-0.1
32,29,-1.4
32,34,-0.4
32,98,1.0
33,31,-0.3
33,35,-0.6
33,52,1.0
33,99,-3.0
35,99,1.0
51,34,-2.7
51,58,-0.2
51,72,1.0
52,50,-0.3
52,55,-0.6
52,56,-2.3
52,57,-2.4
53,30,-0.2
53,72,1.0
54,29,-0.1
54,30,-0.1
55,52,-0.6
55,57,1.0
56,52,-2.3
56,58,-0.2
57,52,-2.4
57,59,-0.4
58,51,-0.2
58,56,-0.2
58,60,-0.4
59,213,1.0
61,214,1.0
62,214,1.0
97,35,-2.9
97,95,-0.4
97,99,-0.5
97,104,1.0
97,107,1.0
98,96,-0.3
98,105,-1.6
98,106,-2.9
99,33,-3.0
99,97,-0.5
99,104,-0.2
100,102,1.0
100,103,-1.3
100,105,1.0
102,104,-0.3
102,169,-0.5
103,100,-1.3
103,105,-0.7
103,165,1.0
103,168,1.0
103,174,1.0
104,99,-0.2
104,102,-0.3
104,165,-0.4
105,98,-1.6
105,103,-0.7
105,107,-0.4
106,98,-2.9
106,108,-0.3
121,146,1.0
121,209,1.0
144,148,1.0
146,148,-0.1
147,145,-0.3
147,187,1.0
147,188,-0.2
148,146,-0.1
148,151,-2.2
148,187,-1.9
148,209,1.0
148,211,-0.2
149,150,-0.3
150,149,-0.3
150,152,-2.3
150,169,1.0
150,170,1.0
150,187,-0.4
151,148,-2.2
151,210,-2.1
151,211,-0.8
153,210,1.0
169,102,-0.5
169,171,-1.5
169,172,-0.4
170,152,-2.5
170,184,-0.3
170,185,1.0
170,190,1.0
171,168,-0.9
171,169,-1.5
171,173,-0.3
171,183,-0.7
208,153,-2.5
208,206,-0.3
208,210,-0.4
208,217,1.0
209,152,-0.2
209,207,-0.3
209,216,-2.7
210,151,-2.1
210,208,-0.4
211,148,-0.2
211,151,-0.8
211,213,-0.2
212,121,-0.1
213,211,-0.2
213,215,-0.1
214,121,-0.3
214,216,-0.2
215,213,-0.1
215,217,-0.5
216,209,-2.7
216,214,-0.2
216,218,-0.2
